title,price,area,address
相当于一手新房拿到房子一直空关的 8号线站口动迁房 ,240万,76.1平方米,浦江-先新路1058弄
给您带来爱的港湾 爱就像蓝天白云 晴空万里 突然暴风雨 ,168万,41.26平方米,中原-开鲁路320弄
 去找一个温暖如太阳的人丨为你掉不值一提的悲伤丨看房找我,386.6万,104.3平方米,康桥-秀沿路1028弄2支弄1-110号
拎包入住干净整洁布局有致南北对流采光通风好 二期新房 ,240万,74平方米,西渡-新南家园1-204号
地铁双轨看房有钥匙现在低于市场价30万急售 本人实地拍摄 ,235万,53平方米,世博-上南路1500弄16支弄、德州路223弄、上
送40万车位看好房子60万急售 上门实拍!楼上面积全送 ,500万,75.3平方米,四川北路-华昌路68弄
层 平安富邸精装修2室落地窗带阳台南向采阳好户型正 ,72万,45平方米,奉城-海旗路1518弄
布局好双阳台南北户型次卧大 3楼96平236万可以谈 ,236万,90平方米,惠南-南六公路399弄
 南北两房 西山墙全明 楼层好 房东诚心出售,218万,53平方米,中原-中原路99弄
景观楼层 随时看带固定车位精装修3房 高品质小区 ,580万,123.9平方米,高行-俱进路285弄
值得关注!德系精装修再降430万 宝业爱多邦 青浦一手现房 ,430万,117.36平方米,青浦新城-青湖东路近沪青平公路
有钥匙独佳急售195万确定收钱近万达 南北通两房 ,195万,78平方米,浦江-永颂路198弄
 南北通两房 半年出一套 去年精装 老少皆宜 位置近 看过都说好,321万,73平方米,高境-殷高西路101弄
 满五省个税 经典南北通 带产权车位 无付款要求 位置安静 随时看,880万,145平方米,张江-青桐路409弄、青桐路408弄
随时可以看房1000平花园1200万装修 楼皇!7700万二手买入 ,11000万,493平方米,碧云-锦绣东路418弄
看房方便 低区楼层 精装修双南户型两房改三房 ,320万,73平方米,高境-高境二村
婚房刚拎包入住居家必备大柏树地铁八 1梯2户 ,440万,82平方米,江湾镇-车站北路24弄
 新出丨高层全新丨南向卧室丨北向客厅直观小区全景丨中邦翡翠系列,430万,103.2平方米,康桥-秀沿路867弄
快可地铁口送精装修带地暖 首付10万买两房 ,40.3万,32平方米,朱家角-商榻北路224弄
看房随时位置安静中间楼层宝钢式户型南北两房 潍坊八村 ,361万,54平方米,潍坊-浦电路305弄1-54号、浦电路331弄1-
 全景 福外 建平 双南两房 全明户型 中间楼层 看房随时 出国急抛,411万,47.5平方米,源深-商城路991弄、商城路1025弄、乳山路13
看房随时。进 精装修的两房园西的房 房东置换急售 ,195万,52平方米,川沙-川沙路5122弄
 重磅出击 配套成熟 生活购物方便地段好 采光好对应东华附属 急售,275万,78平方米,松江新城-文宇路88弄
看房随拎包入住开发商统一精装修近地铁 徐泾花园洋房 ,818万,142平方米,徐泾-徐盈路1188弄
居家之选纯毛坯送车位113平大三房 13号线地铁口 ,420万,113.3平方米,张江-孙耀路111弄、孙环路177弄、孙耀路178
税少接受置换地上2层独栋南花园500平 圣得恒业新出房源 ,1450万,260平方米,颛桥-都市路2099弄
板式南北通2房昌邑未用大华十二街区 老业主委托 ,640万,97平方米,北蔡-锦绣路3088弄
价钱可谈全屋地暖南北通透全明)两梯三户 (厅南北双阳台 ,380万,63平方米,五里桥-局门路295弄
 美兰湖一线高尔夫豪宅远洋鸿郡―东边套(小区大花园)豪华装修,930万,187平方米,罗店-宝山区抚远路699弄
 新出房源 空中花园大阳台 零个税 阳台可培土种植,1870万,193.8平方米,联洋-丁香路1599弄
到手只交自己契税就可以了 低总价晋元正三 510万各付各的税 ,510万,104平方米,万里-新村路1759弄、新村路1881弄、新村路1
有钥匙好看房拎包即住精装全送 新泾七村少有一梯两户双南房型 ,298万,59平方米,北新泾-天山西路450弄1-78号、金钟路333弄1
 蓝天新村 3室1厅 100平,280万,100平方米,松江老城-蓝天新村1-334号
离上海市区与南门近周边设施齐全 崇明岛小户型精装修房源 ,49万,43平方米,崇明其他-前进农场海燕新村38号
带地暖 同看滨江凯旋门1车位满五年维一 财富5号楼精装3房 ,2100万,210.56平方米,陆家嘴-浦明路258弄
拎包入住南北通透全新房带车位 送200平露台 ,382万,74平方米,北外滩-天潼路508、528号
 同润玫瑰园+一手独栋别墅+赠花园600平地下室250平+临河环水,1060万,320平方米,车墩-影佳路123弄
 罗泾一手联排别墅北郊御墅丨新房无税无任何费用丨看房随时,458万,168平方米,罗泾-陈川路777弄
 三房南北通满五年得房开发商装修带地暖 三房朝南房东急售,370万,100平方米,九亭-涞寅路658弄
 精装两房 模范+打一 楼层好位置好 房东 看房方便,325万,76平方米,曹路-海鹏路301弄
 双南户型 置换电梯房 诚心出售 售后公房 无税费,470万,86平方米,凉城-广中路366弄
 金鹏苑两房朝南靠大拇指广场金桥公园双轨交,435万,70平方米,金桥-金工路172弄
首付正常低总价只卖203万花园位置品质两房 实图实价 ,203万,71平方米,航头-鹤永路750弄
 美兰湖 紧靠七号线地铁世纪联华等 房东着急急售 看房方便密码锁,570万,193平方米,罗店-美丹路188弄
打造一个属于您温馨的家. 次新房 带阁楼 周边配套完善 ,160万,59.33平方米,青浦城区-盈港路1750弄、盈港路1755弄、盈港路1
 南新四村 一梯两户 总价低 单价低,245万,56.36平方米,北蔡-下南路501弄1-45号、下南路551弄
 西上海名邸次新房 全南户型 精装245万.采光很好.价格实惠,245万,76平方米,安亭-南安路88弄
 小两房 精装修11号线600米 小区环境好 绿地时代名邸62平140万,140万,40.9平方米,白鹤-绿地大道211号
急售徽宁.三.小4号线南浦大桥站刚需过渡 低总价 ,300万,42.46平方米,董家渡-陆家浜路418号 、陆家浜路388号、 海潮
随时看 诚意出售鲜有出房 一师:本人代理 ,880万,132平方米,静安寺-延平路123弄
诚意出售!品质社区 楼层好 ,210万,74.96平方米,青浦城区-漕俞路355弄
 嘉兴学苑.每户附赠面积约15平方左右.精装花园洋房、送车位,75万,89平方米,嘉兴-平湖市新华路与宏建路交汇处
 没有税费+带双阳台+11号线+繁华地段+低于市场价50万,280万,59平方米,三林-永泰路468弄、永泰路258弄、永泰路136
 龙湖新出复式一楼+地下室 业主出国移民 诚意出售,450万,138平方米,赵巷-嘉松中路6788弄、嘉松中路6688弄
 内部房源丨江景豪装平层丨不丨4号线口旁丨繁华商圈丨,450万,70平方米,打浦桥-瞿溪路968弄
占地面积646平南花园400平临绿地公园 独栋 ,1020万,188平方米,徐泾-老沪青平公路168弄
 虹盛小区 新出一房 165万 精装修全送 拎包入住,165万,51平方米,唐镇-虹盛路85弄、虹盛路69弄、虹盛路107弄
 老客户因退出+西郊国宾版块+豪装带地暖+从未住过+移民急售,2200万,232.97平方米,西郊-仙霞路威宁路路口
看中可谈加30平大花园房东诚售精装修位置 核心前滩 ,350万,72平方米,三林-板泉路95弄1-11号、海阳路215弄1-2
 边套 豪华装修 实拍照片 南北双花园100平 小区中心花园位置!!,1000万,207平方米,南翔-芳林路669弄
title,price,area,address
 上海浦东康桥十大豪宅之 一绿宝园 边套占地1亩 业主置换急售,1700万,301平方米,康桥-沪南路2888弄
 南花园380平+35平地下室+不靠路一点不吵+业主+有钥匙,3300万,435平方米,碧云-云山路2000弄
 新上市别墅+紧挨云间绿大地+精装5房+花园300平+业主移民急售,2800万,386平方米,碧云-云山路2000弄
 一品漫城电梯别墅:对-口上-师-大-附-中+双车位大花园+价格可谈,1500万,300平方米,浦江-浦星路568弄、浦申路2639弄11-63号
 宝华源墅新出:电梯房一梯一户+5房2厅豪装平层+送车位加电器家具,2000万,226.7平方米,浦江-三鲁路5588号
一周内必卖低于一手开盘价 重磅!名品御�E:直降300万急售 ,2200万,295.58平方米,古美-古龙路588号、古龙路666弄
满2年交易开发商内部自留房三个车位 御�E稀有底楼复式 ,2300万,198平方米,古美-古龙路588号、古龙路666弄
门口可停4辆车花园位置安静 美林别墅纯木质独幢别墅 ,2300万,282平方米,三林-环林东路491弄
 合生前滩一号稀-缺大平层:两套房一本产证 业主出国诚意出售,2200万,253平方米,三林-西营南路518弄
 (新-出-稀-缺)尚东二期豪装平层+送产权车位+一梯一户+假一罚十,1800万,226.6平方米,三林-海阳路1333弄
全明采光好、小面积精装修只要8万元 地铁口旁边房子南北通户型 ,110万,45平方米,西渡-沪杭公路66弄
 满五年精装修2年实图南北通透18号线秀沿路大润发外环旁,210万,55平方米,康桥-秀沿路1028弄2支弄1-110号
 急急急!老业主急售!只我有的价格!小孩读万小!全南两房!,680万,83平方米,曹家渡-万航渡路858弄18-40号
日租金600元十年统一运营相约绣云里小客栈 同游迪士尼 ,260万,55平方米,川沙-崇溪路111弄
 中环内大双拼 精装免40万个税 南北大花园 近 位置安静,1850万,317平方米,张江-香楠路399弄
 精装修大两房 产权清晰 无抵押 无贷款 房东置换卖掉 随时看房,510万,101.2平方米,金桥-利津路215弄
 嘉定新城 马陆大融城 精装一室两厅 品质小区 交通便利 诚售,285万,70平方米,马陆-德立路88弄
 星河湾二期全新房4房1保姆套房带南向露台赠送全部软装,2950万,290平方米,花木-锦绣路2580弄
 嘉兴乍浦 九龙山风景区新房 精装送车位 沪乍杭高铁 上海医保,102万,92平方米,嘉兴-乍浦镇南湾路与外环东路交汇处
看房方便新装修全送业主急售10万 新小区朝南一房 ,150万,65平方米,白鹤-绿地大道211号
两房 不靠马路 近4/6号线房东精装修 乔顿花园 ,620万,88平方米,塘桥-杨高南路1218弄
 建平西校 业主定好别墅 绛价100万出售 带车位 妒家代理,600万,80平方米,世纪公园-樱花路801弄
送送送 何家大宅门!复式三房 ,335万,70.5平方米,鲁迅公园-水电路245弄、水电路261弄、广中支路24
 地铁13号 精装修两房 南北通透 一手动迁 好位置 好楼层,310万,80平方米,张江-孙农路398弄
厨朝北带窗南北两房一厅一梯两户 十一村真实视频:多层5楼 ,295万,61平方米,华东理工-梅陇十一村1-191号
 13线 刚需房 轻松 没有压力 格局好,278万,59平方米,张江-中科路2660弄
全明边套保养9成新中间楼层带车位 满五壹免个税 ,1000万,112.46平方米,联洋-丁香路1299弄
 精装修560万+全明通透+家电全送+采光好+,560万,123.45平方米,顾村-宝菊路133弄280-308号
 汇金路地铁口 毓秀人才基地 精装两房 低于市场价30万 诚心出售!,210万,69.32平方米,青浦城区-盈港东路8000弄
随时看房外地人也可以买正气精装两房 首付25万安家在花桥 ,83万,65平方米,昆山-花桥国际商务区绿地大道南侧
随时看618万买3房送露台 2号线会展中心隔壁 ,618万,92平方米,徐泾-谢卫路258弄
 房东降30万急售!齐一总校! 近地铁12号线!带固定车位!看房方便,440万,81.89平方米,东外滩-惠民路1033弄
交通便利!万达旁边 家具家电全送双南全明 婚房装修一年 ,280万,72.61平方米,通河-泗塘八村
视野无遮挡只要418万小区高区景观 广润苑三房 ,418万,103平方米,颛桥-春都路88弄
 南洋博仕欣居 进东川路站 出行方便 交大就在小区隔壁 !,415万,118平方米,老闵行-景谷东路99弄
看房请预约采光好!房东诚意出售 田林新苑经典一室户!楼层好 ,275万,41.83平方米,田林-田林东路414弄
 新场古镇精装修 不 拎包入住 包租 租金4千 看房打我电话,128万,40平方米,新场-新环北路1333弄
地段好房东急售主卧室大客厅大装修新 汇金广场置业顾问 ,1000万,139.06平方米,徐家汇-肇家浜路988号、1018号
 外地人可买、周边环境优美、配套成熟、送精装修、楼间距大采光佳,98万,56.76平方米,南门-新崇东路58弄
低于市场价随时看房景观楼层精装送家具家电 16号线 ,228万,79.6平方米,航头-鹤沙路201弄、鹤沙路226弄
 小赵力荐+精装一年多+置换市区诚心出售+本地人三米一梯两户,182万,53.6平方米,淞南-淞南十村
 保利湖畔精装双南户型两房 周边配套齐全 近大融城 出行方便,302万,90平方米,马陆-裕民南路336弄、封周路368弄
 开发商一手保留样板房:免税高区宽景大平层+带子母车位+随时看,998万,120平方米,大宁-广延路1199弄
楼层佳位置好南北通大2房上大身临其境 看房 ,410万,91平方米,大华-华灵路1885弄、华灵路1895弄、真金路1
看泳池景观有车位没住过人 业主平进平出急卖 ,2399万,245平方米,世纪公园-银融路88弄(近浦建路)
钥匙房大近万达配套齐全澧溪 口 ,420万,82平方米,周浦-横桥路69弄
不限/购。可落/户。送精装修 11号线兆丰路1公里。浦西玫瑰园 ,136万,68平方米,昆山-国际商务区光明路18号
 龙湖大平层丨电梯刷卡入户丨前排景观楼层丨附送双车位丨有钥匙,760万,193.11平方米,松江新城-人民北路2908弄
交通方便厅南北通两房朝南 景明花园 南北板式三方 ,890万,136平方米,曲阳-汶水东路298弄
带车位售后公房无税费1梯2户有钥匙 视频看房 前排小高层 ,720万,112平方米,临平路-梧州路218弄
是70年产权的!可贷款 金山一手房 外地人可买 ,85万,61平方米,金山新城-金山大道2335弄
 地��口 瑞馨苑 南北通双阳台好改三房 房东诚心出售 进才,231万,75.8平方米,航头-航春路169弄
没有使用什么都好谈只要你诚心新装房东看中房子 四楼 ,186万,76平方米,临港新城-竹柏路100弄、竹柏路366弄、竹柏路111
 2013年业主跟我买进的目前已经看好康桥3房急售接受置换客户,188万,55.36平方米,周浦-周邓公路6600弄
超低总价。业主置换诚心二楼 超笋盘。八村历史罕见房源。一房 ,165万,43.4平方米,外高桥-张杨北路5911弄、花山路481弄、和龙路5
 东区 朝南有装修 地铁 多条公交经过 近心小,385万,52平方米,曲阳-赤峰路372弄1-16号
看房方便满五年诚售南北通透一房一厅精装修 黄兴版块 ,190万,37平方米,控江路-控江路1197弄
急售看房有钥匙原始动迁房水语电梯4楼精装一房 闵瑞路站 ,165万,56平方米,浦江-浦涛路768弄、浦涛路751弄
返10万现金 我已成交5套可享团购+无/税/费+送双车位+一手独栋 ,1478万,342.21平方米,泗泾-泗泾镇古楼公路1198号
有钥匙随时可真实视频实拍南北直通通两房 雅戈尔高区景观房 ,925万,119.53平方米,长风-泸定路555弄
近地铁09年小区后置安静南北通简装三房 送产权车位 ,1000万,138.52平方米,古美-古龙路66弄、古龙路300弄
价格面谈位置好花园大 地铁口独栋别墅 ,2600万,380.5平方米,金桥-巨峰路1589弄
 11号轨交直达市区、刚性需求户型正气、配套设施已经完善急售,330万,89平方米,嘉定新城-云屏路518弄、云屏路388弄
 明珠校+电梯好花园洋房+经典南北通透+大三房!急抛,450万,113平方米,周浦-上南路6333弄
价格因有小孩忍痛割爱置换 业主诚意出售一房 ,205万,35.99平方米,曲阳-辉河路40弄
 康城一期南门口 精装大三房 楼间距大 绿化高 采光好 出行方便,425万,126平方米,莘庄-莘松路958弄(山林道4-51号、康城道51
随时看可拎包入住南向视野开阔全新装修 临小球场独栋别墅 ,3499万,417平方米,张江-龙东大道415弄
私梯入户。 一线江景新盘次新盘|400万装修|新鸿基打造 ,5000万,280.96平方米,陆家嘴-浦明路688弄
看房随时无个税满五年惟一�w实价格天台家园3房 新挂牌 ,850万,138平方米,天山-新渔东路455弄、新渔东路550弄、茅台路9
前后带花园简装赠00万装修款159平 老业主处理资产 ,750万,135平方米,古北-荣华东道119弄
title,price,area,address
 一品漫城电梯别墅:对-口上-师-大-附-中+双车位大花园+价格可谈,1500万,300平方米,浦江-浦星路568弄、浦申路2639弄11-63号
 陆家嘴升级版 前滩醉美别墅你人车分流 母子车位 急售,1760万,235平方米,三林-西营南路518弄
 朗郡156户型 罕见大三房 位置楼层都很佳 带产权车位,1170万,156平方米,古美-万源路986弄
 欧原急售三复四 一套捡皮夹子的房源 等您电话给您惊喜,1350万,169平方米,古美-古龙路287弄
 满五 电梯房 6楼复7楼复8楼 产权车位 1000万 急售,1050万,226平方米,中原-翔殷路500弄
 古龙尚居标准5房 业主移民急售 含车位 现金多价格可以大谈!,1350万,214.5平方米,古美-古龙路66弄、古龙路300弄
送露台!送花园送产权车位全景落地窗 内中环稀有万科大宅 ,1602.66万,266平方米,三林-杨南路1705弄
一周内必卖低于一手开盘价 重磅!名品御�E:直降300万急售 ,2200万,295.58平方米,古美-古龙路588号、古龙路666弄
低于市场价200万 (今日新出)瀚林苑别墅:业主1100万挂牌 ,1100万,192平方米,三林-上南路3899弄2-73号
急 售双 双车位 双地铁 送300平大花园 中环别墅区 ,1999.99万,321平方米,三林-尚博路518弄17-99号、尚博路366弄1
 淮海路独栋名墅+全球首.发+豪宅官邸+高私密性+身份象征!,6500万,620平方米,老西门-露香园路118弄
 世茂滨江南区单价8万大2房:俯瞰英式大草坪全景:满5年无个税,1300万,163平方米,陆家嘴-潍坊西路1弄、潍坊西路2弄
 业主诚急 可降 出行便利+环境优美+随时看房+可签字直接拎包入住,210万,41.08平方米,控江路-延吉中路117弄
铺重餐饮商一手精装客栈 迪斯尼1.7南大门 ,220万,50平方米,川沙-崇溪路111弄
南花园南邻河户型正气锦轩纯独栋小区 漕河泾拉斐尔云廊旁 ,1500万,296.5平方米,莘闵别墅-新南路1298弄1-159号
进才朝南面对花园采光无遮南北通双阳台 步行进地铁站 ,251万,76平方米,航头-航昌路199弄
紧靠轨道7号闹中取静小区近花园位置户型正气 板式南北通 ,490万,94平方米,大华-华灵路1280弄
管家式服务带私家电梯灿辉经典经典法式联排 徐泾家乐福旁 ,900万,150平方米,徐泾-东徐联路666弄
南北通透户型正气 地铁口精装两房 ,480万,92.4平方米,梅陇罗阳-罗锦路888弄5支弄
 珊瑚湾 经典复式房 精装四十万 一线海景 超低总价 看房有钥匙,187万,91平方米,海湾旅游区-海马路4333弄
交通便利!价格可议!人气旺成熟小区 万科翡翠公园 ,1420万,180平方米,张江-百业路荣科路路口
省装修费入读协和双语万源城紧凑三居室 新上海人安家优选 ,690万,88平方米,古美-万源路580弄
 超笋盘华高新苑 口 精装大二房 满五年 钥匙房!,398万,102平方米,金桥-金高路1068弄
 东四高 中间层 近地铁 南北通 使用面积大,290万,80平方米,康桥-康达路688弄
有钥匙接受置换买进价高税少南北通户型 万科豪装壹年 ,320万,73.9平方米,七宝-七莘路3333弄
 繁华地段 楼层好 总价低 满5税少 低价出售,265万,28.3平方米,打浦桥-南塘浜路93弄
 蒙自新村+南北2房+满2年+看房方便,445万,53.1平方米,五里桥-蒙自路490弄
 融创海上桃源丨古风合院别墅大宅丨珍藏孤品丨验资发售丨带车位,258万,180平方米,崇明其他-崇明永兴路118号
有钥匙精装中.央空调地暖赠30平新出三房急售 急售 ,489万,105平方米,康桥-秀沿西路68弄
急售安静温馨出行便利 位置优越 ,200万,42平方米,康桥-京浦路82弄、京浦路160弄、沪南公路244
 新小区 业主急售 带车位 精装两房,920万,97.5平方米,徐家汇-华石路88弄
挨着学-校看房随时可改小三房低于市场价40万 房东置换诚售 ,200万,72.2平方米,南翔-德园路532弄、德园路570弄、裕丰路228
诚意急售中环附近低总价好房源老外街71路交通 毗邻地铁 ,115万,47.31平方米,虹桥-虹梅路3721号(延安西路口)
双轨地铁急卖315万实拍照片满五年 富浩河滨电梯6楼 ,315万,96平方米,月浦-德都路88弄
随时看房一手动迁省税尚德实验旁精装房 地铁11号线地铁口 ,280万,85平方米,康桥-环桥路1137弄
看房方便。 房东诚意出售满五直视东方明珠全景 ,980万,118.77平方米,临平路-临平路133弄
19号直通崇明启东70年产权融创海上桃源 专车崇明岛叠加别墅 ,210万,130平方米,其他-启东启隆乡
诚售!享受别墅的安保 别墅里房 ,680万,97平方米,北新泾-虹桥路2489弄1-53单号
诚心出售小区位置有产权车位精装修三房 宝宸怡景园 ,820万,124.08平方米,共康-三泉路1859弄
 禹洲府: 一手预留 无税 商品房 挂牌440 现价395万,395万,118平方米,马桥-富国路199弄(富国路银春路交汇处)
带字母车位刚降500万全新装修浦西一线江景 华侨城苏河湾 ,2650万,221平方米,不夜城-北苏州路470-1016号(曲阜路9弄50号
但是品质如一两个不同的商圈 华府天地汤臣一品 ,4250万,333平方米,新天地-马当路222弄
有钥匙随时可以看房飞机户型南北板式三房  一手动迁一梯两户 ,480万,96平方米,三林-永泰路468弄、永泰路258弄、永泰路136
随时可看底价可谈送家具家电满五 中星凉城苑精装两房 ,480万,89平方米,凉城-凉城路838弄、奎照路628号
 茶陵路345弄 主卧朝南 配套齐全 房东诚售,390万,54.07平方米,斜土路-茶陵路345弄
!小区环境好!物业管理好 南北通透大两房 ,1350万,124平方米,南京西路-泰兴路625弄
 誉品原墅珍藏下叠出炉 一复二毛坯980万 有钥匙 实拍图,980万,230平方米,松江大学城-龙马路185弄
全明户型房龄新税少实验好楼层 11号线汇丰荷苑 ,183万,59.4平方米,菊园新区-树屏路1517弄
 金天地 精装修 两房 自己住 蒙山 抄底价 紧靠百联 带车位!,258万,102平方米,金山新城-卫清西路88弄
急售税费还各付永兴市北初 城上城空中花园 ,705万,113平方米,西藏北路-虬江路1488弄
急卖一梯两户南北通精装修上海70年产权住宅 松江地铁口 ,89.5万,50平方米,佘山-桃源西路688弄
 新出一套永泰花苑 送车位 精装修 双阳台带飘窗小区中间 位置,238万,57.6平方米,三林-永泰路630弄
先到先得总价只要50万11号线 能在上海何必外地 ,58.5万,50平方米,安亭-兆丰路7号
急售怎能错过!南北通透等待了这么久出小户型啦 出小户型 ,407万,58.2平方米,打浦桥-打浦路258弄
 双南户型 满五少税 房型正气 闹中取静 正对万亩华山绿地 天然氧,780万,92平方米,新华路-华山路1520弄79号-99号
 平阳四街坊!房东急售!双南2房!全明户型!近地铁示范房,350万,67.8平方米,古美-古美西路628弄
高层采光不挡看房随时总价低置换诚售 售后公房满五双南一北三房 ,330万,62.41平方米,长风-长风二村
 彭浦新村精装一室户边套全明房东置换诚心出售看房预约,205万,42平方米,彭浦-三泉路770弄、三泉路820弄
南北通户型闹中取静小区第三盘 新出房源 ,300万,90平方米,顾村-沙浦路311弄14-42号
 9号线地铁口 不精装全配 民用水电 可通燃气 急售 急售,135万,58平方米,松江新城-松江区谷阳北路与文翔路交口
 徐泾别墅板块 全新精装2+1户型 高 一手买进未曾住过,390万,90平方米,徐泾-叶联路666弄190-210号、叶联路699
急售环境优美家具齐全采光好满五税费少 近2号 ,375万,86平方米,张江-广兰路248弄、香楠路276弄、香楠路39弄
 出售精心装修2室南北通透超低价婚房,220万,83平方米,临港新城-竹柏路100弄、竹柏路366弄、竹柏路111
全明绿地建造精装南北通透五楼一梯两户 南新苑商品房三房 ,480万,85.6平方米,北蔡-下南路465弄
全明户型房东诚心 次新 崧泽华城秀景苑 185万 1室1厅1卫 精装修 ,185万,50.56平方米,青浦城区-崧润路1176弄、崧润路1028弄、崧润路1
 东茗苑16号线旁房(沿河边套)精装两房 随时好看房 欢迎您的到,210万,73.6平方米,航头-鹤永路600弄、鹤恒路600弄、鹤永路599
随时能看随时过户正常首付南北通透 2房238万!笋盘新降 ,205万,80.3平方米,浦江-浦连路99弄
 笋盘急推梅园三街坊(福外建平)精装修南北通小户型诚心出售,410万,39平方米,源深-商城路991弄、商城路1025弄、乳山路13
提前约总价230万起 路劲佘山院子二期东园要开盘了 ,272万,89平方米,松江新城-松江崇南公路599弄
 急售 近13号线 电梯房 精装全配 可拧包入住 急售,396万,110.2平方米,张江-孙耀路111弄、孙环路177弄、孙耀路178
title,price,area,address
 格拉斯四期 临水系中户型 实价 走一手程序 花园700平,3600万,560平方米,北关-格拉斯路与滨河路交叉点东南角
 新上 区 1居改2居 3.3米 高层观景 入驻大西洋门槛,590万,60.58平方米,望京-广顺北大街33号
 万柳 蜂鸟家园 低总价 高楼层 西北向两居室 满五年 原始,980万,79.92平方米,万柳-万柳中路33号
 (每周优选) 首开琅樾 平层南北四居 毛坯状 可自由设计装修,1490万,230平方米,孙河-京密路与京平辅路交叉口西行1.5公里
 金融街丰汇园三居建行家属楼中间楼层中.介费1.5 单价15万,2300万,150平方米,金融街-太平桥大街84号(政协礼堂斜对面)
 亚运新新家园南北三居室+带一层储物间+1470万找我签,1480万,153.7平方米,亚运村-北五环内辛店路1号
 二手:远见名苑二期南北通透三居室明厨明卫 一梯两户06年板楼,1530万,151平方米,广安门-红居北街与莲花河东侧路交叉点东北角
 丰台科技园区 怡海花园中海万科西华府 万达南苑机场 东南三居,1522万,203平方米,科技园区-南四环西路129号
 世贸高层三居 东南北三面采光观景 满五年一套房 节省成本 随时看,2550万,262.31平方米,东大桥-光华路甲9号院
 (有钥匙)国贸附近+南北四居+户型方正+厨房+可改大三居,1950万,199.85平方米,大望路-朝阳西大望路6号(国贸桥东900米)
 合生滨江帝景 高层南北大3居 开发商精装修 前后无遮挡,860万,155平方米,运河大街-运河西大街易初莲花东50米
看房随时中间层南北通透两居室 三里河东路7号院1994年楼龄 ,790万,63平方米,月坛北街南侧三里河-三里河东路西侧 
 祥云墅奢华品质京城中的悠然之家社区配套齐全交通便利现房随时看,765万,213平方米,长阳-北京市房山区长阳镇京良路南侧
 珠江御景成熟小区138平着急出售 明厨明卫 好位置,433万,137平方米,长辛店-长辛店镇张家坟村长云路2号院
 公主坟 翠微路 西钓鱼台嘉园对岸 南北落地窗 免装修 价可谈,1860万,155.26平方米,公主坟-西三环羊坊店翠微路4号院
 南北向两居室 中间楼层 房本满五年家庭名下就这一套,500万,88.5平方米,豆各庄-大鲁店北路北侧黄厂南里1号院
业主诚意出售看房有钥匙装修保养好 次次顶层两居室 ,550万,81.68平方米,亦庄-亦庄・南海子公园东南1000米
 新城国际四期正南四居室+保养好房子新+品质社区配套齐全,3300万,287平方米,国贸-朝阳门外大街6号院
 09年公园洋房 南北通透三居室 双卧朝南 餐客分离 中间位置,1349万,161.11平方米,田村-旱河路以西田村北路以南
 观山园+新房+客厅双卧南+车位+中楼层+看房方便+价可谈,1760万,165平方米,火器营地铁站西侧世纪城-蓝靛厂中路 
 有钥匙 送地下室 不临街 南北通透 单价3万多 西北旺上地,645万,107.92平方米,西北旺-西北旺镇冷泉村
 金色21 天际173.73平米大三居 现代工业风装修风格 人车分流社区,930万,173.73平方米,常营-常营北路10号院
 公主坟 颐源居 3室2厅 阳光充足 产证清晰 1号线10号线,1800万,154.85平方米,公主坟-西三环羊坊店翠微路4号院
 高速旁 北京人家南北向两居室 可做阁楼 带车位,398万,73.87平方米,回龙观龙泽-地铁13号线龙泽站西北方向1.2公里 
没有可比性 翡翠山联排别墅开盘了 别说你看过别墅 ,1280万,280平方米,丰台体育馆-丰台王佐镇青龙湖南侧
税费较少满五年一套主打南北三居位置安静 华侨城2号院 ,1050万,138平方米,欢乐谷-东四环四方桥京沈辅路南侧小武基北路
 正规2居 格局方正 户型好 采光无遮挡,450万,48.1平方米,西直门外-交大东路31号院
 回龙观龙博苑二区 小两居 小区中间位置,400万,78.89平方米,回龙观-文华路与黄平路交叉点西南角
 翠成馨园区 正规大一居 带电梯 邻近公园,340万,71.32平方米,垡头-京沈高速东四环第一出口往南800米
 珠江壹千栋 2期 超 394平 1500万 南花园550平米 南客厅7米挑空,1500万,394平方米,立汤路定泗路口向西两公里北七家-北七家 
 小黄庄路9号院 2室1厅1卫 建研院小2居,660万,58.81平方米,和平里-安定门外大街60号附近(青年沟路北)
 通州八通线沿线 巴克摩界 电梯房 复式两居 带大落地窗,328万,44平方米,果园-果园站南500米(梨园镇李老公庄村)
 八达岭孔雀城新中式合院 落地窗 采光通透 赠送庭院 露台 车位,500万,258平方米,八达岭-八达岭高速康庄出口(65出口)西南约5公里
 直降30万 珠光逸景 全南向三居 诚意出售 莫失良机,320万,93平方米,长辛店-长辛店太子峪路南800米
满五年高层采光好一卧南一卧北 亦庄桥旁南北两居室 ,380万,79平方米,亦庄-亦庄经济技术开发区北环西路与西环北路交叉口西
 万科紫苑 3室 158.48平 南北通透朝向,1160万,158.48平方米,青塔-小屯路108号
 新上四居室)三面采光保养好)看房方便)随时看10套起,2650万,309平方米,朝青-四季星河西路与四季星河南街交叉点东北角
八通线保持好南北通透精装三居室金隅花石匠临河里 土桥 ,520万,91.87平方米,土桥-土桥地铁站东1200米
 21 和乔丽晶方正两居 格局好 总价低 换房,1050万,133平方米,酒仙桥-芳园西路1号院
 八达岭孔雀城现房 地上三层 大露台,200万,135平方米,八达岭-八达岭高速康庄出口(65出口)西南约5公里
 时代芳群 楼下5/14购物大卖场 正对小区花园,1200万,161.2平方米,方庄-芳群园一区3号院
7米挑空 1100平 带泳池直接入住!装修高标准 新出精装 ,6499万,894平方米,中央别墅区-机场高速杨林出口西行800米。
 安家.西三旗、知本时代东南两居满5年、带电梯新小区靠谱出售,570万,97.73平方米,西三旗-西三旗环岛东2000米
 天时名苑中层东南北一居室+客厅卧室带阳台+通州北苑站出口,368万,67.81平方米,通州北苑-通州北苑城铁旁杨庄北里
 芳古园一区 无遮挡 南北明厨明卫 南北通透户型,560万,79平方米,方庄-芳群路与蒲方路交汇处北行100米路西
 西三环内 八一湖玉渊潭旁 柳林馆南里塔楼西南大两居室 诚售,696万,73.3平方米,公主坟-西三环中路与玉渊潭南路交叉点东南角
 加州水郡西区+南向+正规大一居+可改两局,220万,65.72平方米,长阳-京周路和京良路交汇处西南角(华冠天地西侧)
 十号线 一居 诚售 看房随时,285万,52.17平方米,赵公口-光彩路65号院
 08年 商品房社区 板楼 南北双线通透 一梯两户 双卫生间,950万,103.28平方米,广渠门内-白桥大街10号(东便门桥东南300米)
 (单价4.6万)(全明结构)(户型正)我有钥匙 房 丽泽,448万,96.31平方米,玉泉营-丰桥路7号院
 动物园宿舍 低楼层二居室,480万,57.19平方米,西直门外-北下关街道北侧
 望京+金隅丽港城+东向一居室+户型方正+没有浪费+交通便利,448万,56平方米,望京-望京南湖南路15号院(南湖南路花家地西里)
 香河香城郦舍通透三居精装有本满二随时看房,160万,101平方米,香河-京沈高速香河出口南2000米路东
 朝阳双桥 地铁八通线 国泰百货 东星购物广场 两居复试,430万,112平方米,通惠河南路向西400米双桥-京通快速路双桥出口 
 国贸 实价+好房 建外 正南向 四居 仅售790万,790万,172平方米,国贸-东三环中路39号
 崇文门 东环居苑 1室出售 户型方正 朝南朝向,520万,62.35平方米,广渠门内-忠实里南街与忠实里四巷交汇处东行90米(北京
户型不错价格好碧波园的大三居两卫边户 好房子好房子 ,408万,145.23平方米,长阳-长阳路与东环路交汇处西行170米路南(房山区
1550万可谈带露台带车位南北通透复式四居室 嘉铭桐城 ,1750万,207.39平方米,亚运村小营-亚运村小营北苑路86号
 新出 西向两居室 低楼层 不临街 无遮挡 看房方便 价格可聊,790万,99.76平方米,望京-宏泰西街与阜安路交叉点西南角
 中粮祥云南区 户型2居南北通透 满二年 楼层好 视野佳,650万,113.06平方米,新国展北侧后沙峪-中央别墅区 
 丽都水岸新出三居带大花园自改明卫双卧朝南,1390万,150平方米,酒仙桥路甲12号酒仙桥-东风北桥北 
 西城德胜门新外大街6号院育翔两居室采光好 楼龄新 公房 看房方便,820万,68.7平方米,德胜门-德胜门外大街(马甸桥西南角)
 城建琨廷三居室诚心出售,360万,114.61平方米,窦店-提香草堂高尔夫球场西侧1.4公里
 甘家口 增光路 国务院事务管理局 央产,1238万,110平方米,航天桥-西三环航天桥增光路甲51号院
 瑞安君汇 1室出售 户型方正 朝南 业主诚意出售,1000万,83.9平方米,三里屯-工体北路4号
带装修价格可谈小营福美苑南向一居 收费1.88交易不成全额退 ,352万,52.07平方米,上地-营福路9号院
高楼层采光好 融科钧庭、精装修大两居、眼睛户型、高原值 ,380万,102平方米,马驹桥-马驹桥一号桥南50米
 昌盛园二区 三阳开泰 三居两卫,488万,136.6平方米,龙水路西昌平县城-北京市昌平区昌盛路东侧 
 龙博苑二区 精装小两居 中间楼层 满五一套,395万,79.89平方米,回龙观-文华路与黄平路交叉点西南角
 2层!单价4万!集中供暖!诚心出售!东风!!顺义裕龙六区,449万,109.86平方米,顺义城-裕龙二街与顺康路交叉口东南角
实用200平 精装 拎包.入住.看有钥匙 海德堡花园新出房源 ,700万,171.4平方米,北七家-定泗路京承高速北七家出口1公里
现房发售混合贷支持公积金贷 70年大产权 ,280万,113平方米,窦店-提香草堂高尔夫球场西侧1.4公里
 马甸南村 带电梯三居 中间层 满五年公房 税费低!看房方便!,960万,82.2平方米,德胜门-德胜门外大街(马甸桥西南角)
 南宫雅苑南北通透中层 精装三居室125平米诚售438万,460万,125平方米,云岗-丰台区云岗南宫
 中弘北京像素 通透户型 5.48高 业主诚售 看房随时,243万,57平方米,常营-五里桥一街一号院(朝阳北路6号线草房站)
 新!龙跃苑三区+三居两卫+40�O客厅+不临街道+价格可聊!,482万,141.12平方米,回龙观-文华东路32号
位置楼层好邻17号线天通苑东站楼下公园 东二区75�O1居 ,320万,75.1平方米,天通苑-天通苑社区东南角部
 金融街 西单 金宸南北通透五居 满五年业主在京仅一套住宅,3780万,296.66平方米,金融街-广成街4号院
 亦庄里单价低 改善型 精装修的一居室业主自己住看房随时,268万,54.66平方米,亦庄-亦庄经济技术开发区贵园南里
 开发商直售 天悦壹号 万达广场旁 同金府大院 德贤公馆随时看,980万,138平方米,新发地-南四环地铁新宫站南500米
 和美紫晶花园一手房 单价13000 套数多可选房 环境好 折扣多,120万,88平方米,固安-新中西街
 香江花园联排/地上三层/东西通透/花园车库会所好,1800万,199.73平方米,孙河-京顺路香江北路1号
 政府核心商务区 纯社区 2012年楼盘 运河湾 两居 满五,535万,88平方米,武夷花园-运河东岸奥体公园南侧
 朝阳门内南北通透二居带电梯满五年税费低诚意出售看房便利,680万,76.42平方米,朝阳门内-朝阳门南小街东侧
 户型不错+私密性比较好+视野也好+满五年税少+带车位,830万,131.65平方米,亚运村-亚运村安立路56号
 仅.此一套 特价 老客户委托置换 别墅品质 低于市场价150万,1160万,233.3平方米,亦庄-东五环大羊坊桥东南角
 (感恩回馈 收费1.5)直观小区中心花园 高楼层视野开阔 无遮挡,420万,55.67平方米,岳各庄-大成路与青塔西路交汇处东行200米路南
 椿树园小区 2室出售 户型方正 东西通透朝向,750万,66平方米,宣武门-西草厂街椿树园(宣武门外大街东100米)
 南区视野好 高层满两年 三卧室朝南 大阳台,1980万,226.42平方米,西北旺-西北旺镇永丰路与后厂村路交界东南角
 三义东里 东南两居 楼下地铁口 满五年,550万,58.13平方米,马连道-马连道北街与马连道路路口以东150米路北
置换诚售出行方便采光好带电梯满五一套 地铁良乡南关站 ,330万,119.83平方米,良乡-房山区拱辰南大街93号
有钥匙随时看房三居室130万 潮白河孔雀城英国宫十期2加1 ,130万,87平方米,大厂-通州东潮白河畔(距国贸30公里)
 中.介.费1个点 长安新城板楼 南北通透两居室 商品房,575万,96.85平方米,青塔-大成路与青塔西路交汇处西行170米路南
 三里屯瑞安君汇全南向8层178平2200万业主诚卖价格谈 低税费,2199万,178平方米,三里屯-工体北路4号
 确认过眼神.你就是买房的人.外地人可买.首尔甜城铁800米,100万,73平方米,燕郊-燕郊开发区燕顺路西侧
业主诚售看房方便南北通透两居 21推荐 十号线三环新城 ,515万,90平方米,玉泉营-丰桥路7号院
 领秀翡翠墅双拼别墅灵动空间一手全程陪看,1330万,270平方米,丰台体育馆-丰台王佐镇青龙湖南侧
莱蒙湖不临路花园300钥匙房税全南向 全房地暖 ,2950万,530平方米,新国展正门对面中央别墅区-后沙峪乡白辛庄村南 
 窦店镇 田家园 满五且一套 精装 二层 温馨小两居室出售 随时看房,178万,74.03平方米,大窦窦店-房山区窦店镇田家园小区(窦店镇镇政府北 
 西三环丽泽金融区 内城稀.缺双拼别墅 毛坯中.介.费1.6,5700万,492平方米,西局东方威尼斯酒店西侧(丽泽桥-西三环丽泽桥西北角 
 1230万 四居室 装修好 大花园 临鼎石 全地暖 随时看,1230万,320平方米,中央别墅区-顺义后沙峪温榆河畔罗马环岛以北1000米处
 西红门4 号 线兴都苑 南北通透 诚心出售 电梯房 急 售,450万,118.72平方米,京开高速路西侧300米西红门-西红门宏都路南侧 
 拥金1.2 房价可大议 西马金润南北通透两居 满五年,506万,92.6平方米,马家堡-角门南路与马家堡路交汇处东行230米路南
 双井 首城国际 观小区花园 南北小三居 景观好 诚意卖,820万,89.77平方米,双井-广渠路36号院
诚心出售!!满五两居南北通透 真实在售!卢沟桥晓月苑一里 ,280万,72.14平方米,卢沟桥-晓月苑垂虹街7号 晓月中路5号院(晓月中路东
满五1套!落地观景飘窗带明卫观景两居 澳林国际 ,815万,111.77平方米,奥林匹克公园-朝阳区林萃西里林萃路与科荟路交汇处西北角
 绿地新都会+南向两居+满2年+精装修+业主诚心出售,303万,85.43平方米,长阳-长阳镇广阳西路南侧(京周路与长阳路交叉路口东
 刚降100万 独栋 500平花园 集中供暖 一层带卧室 满五年 无,1300万,217平方米,北七家-北七家镇平西府路口往西100米
 新出嘉浩1680万二次装修独栋 5居室 地暖 采光好 位置佳,1680万,270平方米,榆阳路5号新国展对面中央别墅区-沙峪镇白辛庄 
 社区好 环境幽静 北京洋房精装中叠168平650万 赠送30平大阳台,648万,168平方米,北七家-北七家镇海青落湖七星路西侧
诚意出售!装修保持可改3居室满五年维一 高层东南向 ,558万,114平方米,城铁八通线广播学院站南定福庄-朝阳区建国路18号 
 燕化星城二里两室两厅一卫出售,198万,77.74平方米,燕山-京周路南侧星城健德二里
 融华世家 4室 231.9平 南北通透大四居 次次顶层 观景,2400万,231.9平方米,亚运村小营-大屯路224号(北苑路与小营路交汇处)
 收费1.88交易不成全额退 随时看房 业主急售 繁华地段 满五,680万,96平方米,清河-八达岭高速清河桥西南角
观景南北通透新房公园1872十里堡欧式白色装修 1点5 ,1600万,194平方米,东八里庄-朝阳北路与石佛营路交叉点向西200米路北
 大兴旧宫 万科朗润园 精装三居 带车位 中介费 一个点,860万,135平方米,旧宫-四环肖村桥南3公里(地铁5号线旧宫站西南20
 远洋公馆256三居 中高层无遮挡 有钥匙看房方便 满两年,3249万,256平方米,望京-阜通东大街(保利万和电影院向北100米、大望
 嘉铭急卖+可给周期三居 明厨明卫满五 一套房 大屯东站,1058万,122.98平方米,亚运村小营-亚运村小营北苑路86号
 拥金1.2%房价可大议 小区中心花园 户型,1000万,146平方米,马家堡-嘉园路与公益西街交汇处北行60米路东
随时看着急卖高层视野好全天采光 富力城区高层西南大三居 ,1430万,137.78平方米,双井-惠力路与天力街交叉点东南角
让您的生活充满乐趣 (业主推荐)温泉入户墅级一梯两户洋房 ,80万,85平方米,固安-固安106国道牛驼桥北侧小路向东500米
临水系南入户三面花园700平米毛坯 二期独栋满五年 ,3800万,814平方米,北七家-北七家出口1000米定泗路88号
 逸翠园 毛坯四居室 随时看房有钥匙 满两年诚意出售!!,1880万,236.71平方米,朝青-朝阳体育中心西路与姚家园北一路交叉点西南角
 真房实价!卢沟桥沸城 少见好房 满五 户型合理 视野开阔 带露台,455万,91.55平方米,卢沟桥-晓月六里、晓月七里、晓月八里
 奥森匹克公园旁 世茂奥临 前排观景四居 电梯刷卡入户,2180万,264.93平方米,北苑-北京市朝阳区清林路一号
 御翠尚府 中间位置三居 八角窗花园露台 三卧朝南 南北通透,2100万,243.93平方米,活力东方OUT朝青-朝阳姚家园路与青年路交口东北 
 蓬莱西区 275万 就出售 看房随时 急售!,275万,85.49平方米,北七家北七家-立汤路定泗路交叉口向北1.5公里路东 
 1294户就它装修蕞好,2850万,241平方米,朝阳公园-朝阳公园南路8号院
 南北大一居室 卧室客厅朝南 值得拥有,870万,80.09平方米,双井-北京市朝阳区东三环中路35号
 西南两居+有钥匙+首付400可包+价格大力可谈+不临街满五年给周期,675万,92.33平方米,劲松-东三环南路54号院
 德茂小区02年建成楼栋落地窗南北通透格局中间楼层,365万,89.78平方米,旧宫-旧宫镇德茂庄德茂街1号
已50万低总价 4个卧室 业主 顺义联排别墅 ,660万,242.2平方米,马坡-昌金路南北小营镇中学北侧
好别墅交通和生活便利千余户大型墅区 急售了)京城小镇 ,650万,275平方米,怀柔-京承高速14出口(怀柔城区方向)500米
明厨明卫 可改两居室 不临街 东北方正户型 首付150万 ,382万,67.15平方米,朝阳路7号院(管庄地区杨闸环岛管庄-朝阳路5号院 
 对接业主、1000万装修带车库、4环内海淀别墅、颐和原著书院,8200万,498平方米,万柳-万柳华府海园10号
 北京通州东 燕郊首付十万 铁房 现房送精装修大产权直接网签,125万,70平方米,燕郊-北京东燕郊经济技术开发区燕顺路东侧
 玫瑰园小独栋 赠送装修 户型 边配套成熟 生活方便,1490万,272平方米,沙河-沙河镇北八达岭高速路22出口沙河镇小寨村
 低总价36平/95万 广阳城地铁口精装现房,95万,36平方米,良乡-良乡大学城北站路口50米
 珠江豪装别墅、200平米花园、低于市场价80万 限时抛售!,850万,277.19平方米,马驹桥-马驹桥1号桥西南角
 领秀慧谷 精装修次顶层两居室 业主换房急售 随时看房,520万,86平方米,辛庄回龙观-京藏高速(原八达岭高速)和北清路交汇处 
 万象府 新上南北三居室 开发商统一修 不临街 给周期,1460万,146.61平方米,清河-清河中街与学附树中街交汇处西行140米路北
 天通中苑南北通透双卫大两居 高原值低楼层有钥匙 板楼2层,400万,104.02平方米,天通苑-太平庄中二街与立水桥东一路交汇处东南角
 东关南里+三居两卫+环保精装修+中间楼层+车位充足+采光好,480万,123.75平方米,昌平县城-南环东路和亢山路交汇处西北角(北京化工大学北
 爱家优选!金融街融汇 经典正规1居 精装修 诚心出售,252万,52.24平方米,生物医药基地-新城核心区地铁天宫院站北侧300米
您自己看吧这个楼层这个装修这个价钱这个户型 这个面积 ,305万,55.6平方米,木樨园-南三环赵公口长途汽车站对面
 只发真实 温哥华 挑空南客厅 使用面积600平 精装,1650万,416.9平方米,北七家建材城向北第一个路北七家-北五环外紧邻立汤路 
欢乐谷配套满5年一套南两梯四户商品房 新上!东四环 ,535万,113.43平方米,垡头-京沈高速东四环第一出口往南800米
赠送+3车位观景大平层 不临街低楼层4居 ,1888万,190.41平方米,西山-四季青桥南旱河路301号院
 碧海方舟 4室出售 户型方正 南北通透朝向,19000万,827平方米,亚运村小营-鼎成路6号
月租稳收4万可看万科豪装商务住宅 2套首付50核心区观五河景观 ,750万,136平方米,CBD-北京市朝阳区东三环中路甲10号
 3全景好房 南北两室 中间楼层 满五年 税少,340万,70.1平方米,沙河-沙河镇高教园区三期A区
 龙博苑二区 南北通透朝向 2室 不临街,420万,81.54平方米,回龙观-文华路与黄平路交叉点西南角
随时签约满五年视野开阔 精装修大三居 ,393万,145.59平方米,天通苑-昌平区太平庄东一路16号(太平庄东路与太平庄
精装修 平层三居 南北通透 三轨交汇 新出万科翡翠四季 ,676万,128平方米,次渠-东五环京津高速东石村桥东南700米(京津高速
 誉天下 无遮挡 看房方便,1980万,385平方米,天竺-天竺镇薛大人庄村
 诗景长安 南北通透三居室 中间楼层,850万,141.93平方米,鲁谷-鲁谷南路20号院
 金融街 工总行家属院 丰汇园 丰融园 南北三居,3150万,159.2平方米,金融街-太平桥大街84号(政协礼堂斜对面)
随时可以看房全款215万 50平加50平 草房站 ,215万,51平方米,常营-五里桥一街一号院(朝阳北路6号线草房站)
典藏生活 军人品质 为您把关 世界温泉养生小镇 ,270万,186平方米,固安-京南温泉休闲商务产业园区(106国道和金海街
 北京华侨城南北通透小三居送80平私家大露台,1100万,136.36平方米,欢乐谷-东四环四方桥京沈辅路南侧小武基北路
东南两居室 满五带电梯 新上房源石景山区 苹果园 楼龄新 ,240万,55.7平方米,金顶街-金顶街与金顶南路交汇处东北角
 满五年 南北通透 二层 落地窗采光好,309万,79.01平方米,顺义城-府前东街北200米
 银河湾 玉石精装 送阁楼 送无遮挡视野 送实惠价格,840万,170平方米,次渠-东五环化工桥京津高速2A出口南行1000米(
 丽水嘉园 1室 73.94平 朝南 临 看公园 有钥匙,648万,73.94平方米,朝阳公园-朝阳公园南路与甜水园东街交叉点西南角
 西城区(一层带花园)南北3居室 报价2650万(在售就一套),2550万,178平方米,陶然亭-太平街8号(陶然亭公园西侧)
 亚林西 地铁西铁营 二环至三环 万达广场 洋房品质 急售刚需房,565万,87平方米,菜户营-西铁营中路西铁营中路8号院/ 西铁营中路9号
 拥金1.2房价可大议四居室 满五年 全明格局,950万,151.7平方米,马家堡-嘉园路与公益西街交汇处北行60米路东
看房约诚意出售业主换房户型方正华业南北三居室 满两年 ,750万,123.73平方米,距临河里地铁站仅400米梨园-梨园镇 
金三楼层 壹号院不临街精装3居室带1车位 ,2050万,181.14平方米,西北旺-圆明园西路药用植物园北侧
 东南向3居室 主卧室是明卫 客厅和次卧室朝南,765万,134.6平方米,高碑店-建国路29号
 东二环地标东房银座使用 都很舒适 朝南采光好,850万,107平方米,东直门-东直门外大街48号(城铁东直门站东南角)
 领秀慧谷 精装修南北通透三居室 满五 地铁朱辛庄站,420万,89平方米,辛庄回龙观-京藏高速(原八达岭高速)和北清路交汇处 
不临街又要收 望京西单价8万洋房四居室 ,1650万,204平方米,望京-望京南湖西园
 通州台湖 总价120万 4.2米高 万科开发 3高速3地铁1,120万,32平方米,次渠-东五环京津高速东石村桥东南700米(京津高速
 京科苑 明厨明卫 天然气入户 低均摊 诚意出售,240万,62.2平方米,昌平县城-昌平区昌平镇昌盛路3号
 中苑 电梯两居 户型方正 全明户型 商品房,445万,101.08平方米,天通苑-太平庄中二街与立水桥东一路交汇处东南角
 世界新名片万科大都会滨江 所有户型找我立减175万买了就,980万,132平方米,CBD-北京市朝阳区东三环中路甲10号
 明厨明卫高层观景 保养如新 地暖加新风 闹中取静,1480万,177.6平方米,东八里庄-朝阳北路与石佛营路交叉点向西200米路北
 劲爆消息!6号楼再出好房 二次装修 高层观景 送600万家私,5000万,439.68平方米,燕莎-四环内霄云路8号
公园1872!元宝户型观红领巾湖心3年出一套 满二税少 ,2650万,273.21平方米,东八里庄-朝阳北路与石佛营路交叉点向西200米路北
 橡树湾 南北三居室 高层观景 精装修 视野开阔 前后花园,1600万,178平方米,清河-清河中街与学附树中街交汇处西行140米路北
 新出宏庙小.学 金融街 南北通透三居 带阳台 满五年单.价低,2300万,147平方米,金融街-太平桥大街84号(政协礼堂斜对面)
 中堂阅园+东南北3居+落地窗+采光好+视野好+明厨明卫+四环,945万,137.75平方米,京石高速-西四环中路112号
 南北通透 复式三居室 大露台自改一半 生活舒适度高,680万,152.89平方米,通州北苑-北苑环岛西200米路南
 注意:只收一个点物资部大院1997年建成大一居57米710万,710万,56.9平方米,月坛-月坛北街25号
就一套啊!带花园车库新房手续工抵房 注意!关系户预留的 ,1300万,380平方米,中央别墅区-京承高速8号出口路东
大产权小+时尚餐饮房源 辛集国际皮革城均价1.4万 ,81.8万,67平方米,大厂-廊坊国贸正东、潮白河友谊大桥东侧100米
1700600平南花园可自装电梯全明地下室 珠江壹仟栋 ,1700万,460平方米,立汤路定泗路口向西两公里北七家-北七家 
 精装修双阳台通透三居室 满五年业主一套住房,400万,149平方米,天通苑-太平庄中二街与立汤路交汇处西北角
长城脚下饮马川190万 1室1厅1卫 豪华装修 业主诚心出售 ,190万,65平方米,密云果园-古北水镇旁
 预约可看+高层观景+东南朝向+大落地飘窗+充足储物间+国贸,1080万,114.41平方米,大望路-北京市朝阳区西大望路3号
 开发商清退房源手慢无 来电享团购价 一梯一户中国铁建花语金郡,888万,185平方米,亦庄-南海子公园西侧(南五环旧忠桥向南第二个红绿灯
 金科二期电梯房 精装修 眼.镜.房 三居室 售价499万,500万,130平方米,小汤山-小汤山九华山庄东300米路南
随时交易随时入住!300万精装修全新房 高层边户大四居 ,1879万,230平方米,望京-朝阳区京密路与京平辅路交叉口西行1.5公里
 七家 南向 正规一居室 全明格局 方正客厅 带阳台 使用方便,175万,62.25平方米,黄村东-采育镇育盛街与福源路交叉路口南侧(葡萄庄园南
朱雀门陶然亭公园安静不临街 一瓶小区南北通透两居室 ,1470万,113平方米,陶然亭-陶然亭路2号
首付135万办完满五一套 (收费1.5)旧宫美然绿色家园南北3居 ,350万,79平方米,旧宫-旧宫镇旧忠路14号
 阜石路向阳楼双峪大峪位置很好交通便利,195万,46.29平方米,大峪-门头沟区双峪路1号
 金融街 工总行家属楼 丰融园 精装修 南北两居 出售 带电梯!,2400万,120平方米,金融街-太平桥大街45号
 御汤山熙园 温泉入户 使用面积500平 350平花园 客厅7米挑空,1280万,315平方米,距离北六环61紧邻立汤路小汤山-小汤山疗养院东侧 
 行宫御东园 好装修 电梯观景房 独立两室 配套齐全 物业管理完善,225万,83平方米,宾阳-新北路南侧、行宫街东侧
 九州 隆盛西园 毛坯两居室 正规户型 满五年 有钥匙,215万,83平方米,庞各庄-庞各庄瓜乡桥向西100米
 南二环方庄紫芳园 东南小两居 精装满五年一套,450万,60.77平方米,方庄-紫芳路与方庄东路交汇处西南角(方庄地铁站C口
270万年底交房均价21000 小别墅送精装修 ,270万,127平方米,其他-102国道与福喜路路口南侧
空置随时看西侧观山三面阳台单价8.2万 新出 ,2450万,297平方米,西北旺-西北旺镇永丰路与后厂村路交界东南角
 中信墅 联排别墅286平 3居室 装修保养好带院子,1786万,286平方米,亦庄-亦庄经济技术开发区三海子东路南海子公园路北
高楼层视野好客厅宽敞装修好商品社区 富贵园一区 ,2310万,231平方米,东花市-广渠门内东花市南里一区(广渠门桥西300米路
 临地铁东南四环别墅住宅德式风格 高原值 四室五卫,1550万,273.94平方米,十八里店-南四环外红坊路6号
 方庄+配套完善 地理位置好+使用面积高 南向采光好,310万,43.53平方米,方庄-群星路与蒲黄榆路交汇处东行110米路两侧
私梯入户恒温恒湿方正三居室 70户就一套在卖!西南高层 ,2800万,231.37平方米,香河园东直门-东直门香河园路1号院(香河园中街南侧 
 东三环内 2014年新盘 地暖加新风 南向面宽18米 高层,4300万,352.93平方米,三里屯-工体北路4号
 北京城建琨廷缇漫 花园电梯洋房 精装修 楼层好采光好 急,260万,101平方米,窦店-提香草堂高尔夫球场西侧1.4公里
 亦庄 旧宫 亦庄北岸 2室 63.32平 西北 朝向,330万,63.32平方米,旧宫-旧宫镇旧头路路南(南五环亦庄桥南300米凉水
 东城 崇文门 都市馨园 全南一居 低楼层 满五年一套房 全天采光,518万,54平方米,崇文门-祈年大街与珠市口东大街交汇处北行80米路东(
 (新出)二环内 西城区 四/七号线 中信沁园 南向观景房,1450万,91.06平方米,陶然亭-两广大街与菜市口南大街交叉口东南角
 西山林语南向大一居 弧形大阳台 观景好 满五年,440万,68.04平方米,西北旺-西北旺镇冷泉村
 内部留存 城内别墅 叁环8墅 同看鲁美别墅 中粮瑞府 格拉斯,5750万,620平方米,西局东方威尼斯酒店西侧(丽泽桥-西三环丽泽桥西北角 
 首创天禧 全新南北东三面采光 看国贸中国尊,6333万,392平方米,CBD-东三环中路与朝阳路交叉点向东300米路北
 诚意出售七零九零 全新装修 品质社区 全南一居 采光好,353万,72.22平方米,梨园-梨园南街与易达路交叉点向南500米路东
 南北双通透 丽泽金融商务区 人车分流 910号六里桥,860万,92平方米,丽泽桥-六里桥南西局西路58号院
 双十一特惠2十里春风 首付80万得三居 洛户北京,228万,89平方米,次渠-永乐店小甸屯村百莱玛工业园对面
 看房有钥匙诚意出售有本中楼层精装三居 花园式洋房 ,520万,100平方米,亦庄-亦庄・南海子公园东南1000米
一层东花市北里东区南北东 三居室 有钥匙 崇文门 ,985万,100.86平方米,东花市-东花市大街与南花市大街交汇处东北角
 澳林春天三期+南北双卫两居室+看房有钥匙+不临街+毗邻奥森,965万,120.86平方米,奥林匹克公园-朝阳区林萃西里林萃路与科荟路交汇处西北角
 二期靠谱出售南北通透两居室 中间楼层 位置好格 格局方正,620万,103.18平方米,管庄-北京市朝阳区朝阳北路22号院
 大型南中轴路华远和墅新中式联排现房298平米1480万!!,1530万,298平方米,黄村东-南六环磁各庄桥沿南中轴向南2公里
 〖我刚带看过〗 二期洋房复式 带电梯少有户型 〖价格可大谈〗,1800万,245.2平方米,西北旺-西北旺镇区永丰路西百旺新城
近高尔夫球场 北京壹号庄园是您宜居的场所 温榆河天然河环绕 ,5500万,795平方米,京承高速北七家出口直行北七家-北七家镇定泗路88号 
 房主诚意出售 看房方便,410万,130平方米,长阳-长阳镇广阳西路南侧(京周路与长阳路交叉路口东
 西山林语二期 人车分流 南北通透两居 满五年,580万,89.3平方米,西北旺-西北旺镇冷泉村
 圣世一品 有钥匙随时看 东南小三居客厅朝南无遮挡看花园总价低,1400万,171平方米,三里屯-向军北里28号院
 西山华府望海阁4居+100平花园+一车位+邻壹号院如园,2980万,262.41平方米,马连洼-马连洼北路与竹园中街交汇处南行150米路两侧
 东二环+东直门+东四十条+海运仓+史家分+大三居+格局方正,926万,88.01平方米,东四十条-东四十条附近南颂年胡同
 水关新村 低楼层 带独立客厅 不临街不把边 随时看房,375万,85平方米,昌平县城-富康路与振兴路路口以北约100米路西
 泛海世家 4室出售 户型方正 南北通透朝向,5600万,372平方米,朝阳公园-北京朝阳区朝阳公园东华章东路1号
同户型钥匙房会所7面采光南花园500平 样板间户型 ,4499万,612.89平方米,观唐东路观唐花园孙河-和平路8号(东郊农场中心区 
 华侨城和园 南北3居室 智能家居一键控 签单有优惠房源有限,750万,120平方米,亦庄-五环南海子公园西
 崇文门 临铁房 全南两居 双阳台 精装修 满五一套,690万,72.7平方米,崇文门-祈年大街与珠市口东大街交汇处北行80米路东(
 急售!华侨城南北通透三居 满五年 有钥匙看房方便,1250万,170平方米,欢乐谷-东四环四方桥京沈辅路南侧小武基北路
270度采光600万钛马赫装修 287平在售就这一套 ,3599万,287.7平方米,奥林匹克公园-林萃东路1号院
花园300平200平地下室户型舒适三卧朝阳 橘郡独栋 ,1350万,241平方米,小汤山-亚运村正北方向16公里
 幸福我家团结湖328万两居室 电梯房 双朝南 无浪费,328万,49.59平方米,团结湖-长虹桥东600米农展馆南路往南
 收费1.88交易不成全额退 强佑两居室 交通便利,630万,82.05平方米,清河-八达岭高速清河桥西南角
首套精装修明厨明卫 推荐:中介费1.5% 温泉花园大三居 ,310万,131.05平方米,北七家-北七家镇东沙各庄村
 珠江三期新出独栋 方方正正大花园 看房有钥匙,1800万,460平方米,立汤路定泗路口向西两公里北七家-北七家 
 望京 14号线 朝庭 高层 新世界百货 嘉美风尚,860万,112平方米,望京-阜荣街8号院
看房随时335平1650万精装修纯地上两层独栋 珠江一期 ,1650万,335平方米,立汤路定泗路口向西两公里北七家-北七家 
 在线+08年商品+保利高层开间+满二年+原值高+上培新+幸福家园,455万,40.77平方米,广渠门内-培新街9号院
 环渤海总部基地通州泰禾拾�Z园开发商领导内留一手新房现房别墅,696万,129平方米,次渠-亦庄光机电产业基地核心区
 顺义新城区 嘉都国际 新望京 近地铁 环境优美,116万,91平方米,燕郊-京平高速木燕路(北务出口)东500米
 地铁口 宋家具家电 拎包入住 小户型精装修 随时看房,27万,7平方米,沙阳璐北侧上地-上庄镇中心 
 长阳半岛明厨明卫南北双通透 经典户型 满五 接受贷款客户随时看,320万,89平方米,长阳-长政南街6号院
 太阳宫 南北大三居 高层安静看花园 免征个税 有钥匙,1280万,148.66平方米,太阳宫-西坝河东里2号院
 高层两居室、看房随时、诚意出售、餐客分离、采光通风好,800万,80.16平方米,公主坟-西三环羊坊店翠微路4号院
 德贤公馆我客户清退房源 低于售楼处200万 楼旺户型你 本周必卖,1090万,186平方米,旧宫-南四环榴乡桥东南角800米
诚心售毛坯现房 新上华龙美钰、清芷园西南向两居 ,944万,89.95平方米,右安门内-南二环半步桥60号
 南宫温泉地热博览园旁低密度墅质洋房,663万,153平方米,京石高速-王佐镇长青路南侧
 光彩国际四居室+观景好高楼层+采光通风效果好+,2200万,272.9平方米,工体-朝阳区工人体育场西路18号
 南北通透小板楼+双卧朝南+明厨明卫+户型方正+小区环境好+带车位,350万,63.6平方米,方庄-群星路与蒲黄榆路交汇处东行110米路两侧
可直接入住保养如新全屋地暖 新出开发商样板间装修 ,3499万,399.78平方米,来广营-水岸庄园100号
正规南向一居首付95万总价186万 新出珠江一居室 ,186万,56平方米,马驹桥-马驹桥国家环保产业园区A1
 西北旺中高层 南北通透三居室 全明格局 看房便利 品牌家装,990万,121.44平方米,西北旺-西北旺百望山公园北侧
看房方便。环境好看长河观公园居家新装 人济山庄 ,1430万,140.57平方米,紫竹桥-白石桥路45号
 新海大一居 可改两居 业主 房子满五年,260万,67平方米,马驹桥-马驹桥新桥右侧(通黄路和兴华中街交汇处东北向
 首开.知语城 东北 户型方正 看房方便 诚售 出行方便,680万,90平方米,湖光中街与望京西路交叉路口望京-望京区域的西南角 
 南向2居!紫金长安+观景层+户型方正+双卫+保养新+钥匙看房,1360万,102平方米,五棵松-西翠路17号院
 别公司没有 单价8万 南北通透 大两居 我有钥匙 随时看房,1249万,147平方米,望京-望京北小河森林公园东侧
 急!国瑞城 正南一居 满五年一套房 落地阳台 业主用钱方便看,572万,58.5平方米,崇文门-东花市街道花市西大街
 田家园四区 2居室 精装修 满五年 195万 看上房价格可议!!,198万,90.47平方米,大窦窦店-房山区窦店镇田家园小区(窦店镇镇政府北 
 望京路10号院 一居室 带大阳台 装修好,400万,50.92平方米,望京-望京广顺南大街北口华联商厦对面
诚售临地铁正规一居 江山赋 ,300万,57.31平方米,后沙峪-后沙峪镇后沙峪裕华路东侧
1560万随时看 精装现房转卖 新世界丽樽一期业主 ,1599万,412平方米,中央别墅区-京承高速8号出口路东
 金色21 万象新天精装三居室 户型通透格局佳 满五 免个税,730万,148.8平方米,常营-朝阳区朝阳北路东苇路交汇处
 正规三居室 中高层 全天采光 带车位 一个你想要的,1330万,141.16平方米,世纪城-远大南街和远大中路交汇处东南
 户型方正 楼 视野开阔 小区,1269万,132.4平方米,广安门-广外大街305号
 保利花园 980路沿线 电梯社区 大三居 精装修,310万,127平方米,宾阳-密云沙河早市东口东侧
 紫宸苑 70年住宅 低密度带电梯洋房 三居室可按揭,580万,130平方米,南海子公园南侧亦庄-瀛海镇104国道以东 
 方庄 刘家窑站西 南北满两年通透三居室 业主委托出售,769万,141.19平方米,刘家窑-同仁东路与顺三条交叉口南20米路西
 首开璞�v66平一居室 朝西向 精壮修 看房方便 小区内小户型,650万,66.29平方米,方庄-方庄紫芳园四区(方庄桥北行250米路东)
 新上一居 南向精品装修 户型方正 高楼层视野好 稳定出售,295万,50.99平方米,东八里庄-十里堡地铁站向北100米路西
随时签约业主诚意单价5万2南北大三居富力又一城 东五环 ,780万,149.79平方米,豆各庄-大鲁店北路北侧黄厂南里1号院
看房方便业主诚意出售 �w价实房 三面观景大四居 ,2000万,282.09平方米,百子湾-区南磨房东四环窑洼湖公园旁(劲松桥往东)
 环球影城地铁七号线南北两居,338万,56.22平方米,梨园-八通轻轨沿线临河里站南300米
全明格局。5居室设计21米面宽 望京新盘!独栋别墅 ,6980万,623.89平方米,望京-南影路(加洲阳光花园网球场东北侧120米)
 全南向两居低楼层,480万,93.85平方米,丰台体育馆-卢沟桥路与程庄路交汇处西行240米路南
 都市心海岸错层三居 南北通透 客厅3.8米 安静不临街,999万,161.82平方米,望京-望京阜通西大街18号
 建欣苑四里 精装的两居室 户型方正,335万,68平方米,大红门-大红门西路4号
一梯两户带南北双花园 万柳康桥水郡:南北通透 ,1580万,127.48平方米,万柳-泉宗路10号昆玉河东侧
 九章临湖别墅:花园2000平:急用钱急售:位置好:有钥匙随时看房,5000万,610平方米,首都机场高速南侧孙河-东苇路3号 
 复式四居室+双客厅+百万装修+5.9米+带车位+落地窗+亚运村,2000万,239.35平方米,北苑红军营南路北苑-亚运村正北3.5公里 
 沁春家园南北通透两居室精装修业主诚心出售随时签约,550万,81.78平方米,西三旗-西三旗转盘东路3号
采光好视野广阔观景落地飘窗 服务费一个点 时尚大两居 ,810万,112.28平方米,田村-旱河路和田村路交汇处的西北角
无中间费用单价5.5万 西四环(国风长安)首付160万 ,480万,89平方米,鲁谷-鲁谷南路20号院
安静不临街满五一梯两户通透两居 沿海三期 ,580万,89.29平方米,百子湾-广渠东路33号(广渠路与百子湾路交汇处)
 1%服务费 京承高速咫尺之遥的森林城市 高品质低密度 安静,2550万,346平方米,中央别墅区-后沙浴镇古城村火沙路南侧
 爱上幸福的家 金隅景和园南向两居室满五年带电梯,420万,87.44平方米,东坝-东坝乡高杨树村
 新增房源+长阳半岛南北向3居+满五年一套住房+随时看房,450万,98平方米,京良环岛东行约3公里长阳-长阳镇京良路南侧 
 2玉兰湾 3室1厅 738万,738万,124.86平方米,九棵树-北京CBD九棵树家乐福东300米
 汤联排别墅 190平米 带花园 温泉入户 实景拍摄,690万,190平方米,大柳树环岛向西1000米小汤山-小汤山镇中心区南侧 
全套地暖客厅挑空 豪.宅天下垄上二期特 价豪.装临水系 ,1560万,555平方米,小汤山-小汤山镇南侧立汤路9号
坐拥7大公园 小区北门就是人-大-附的豪华合院 ,800万,192平方米,京石高速-王佐桥西500米
 旧宫 清欣园 南北通透 电梯两居室 93平米 带落地窗 飘窗,420万,93.97平方米,旧宫-旧宫镇旧宫西路5号
 管庄、柏林爱乐、全南向两居室、高楼层、视野好、价格美丽!,558万,100.67平方米,管庄-北京市朝阳区朝阳北路22号院
 花园洋房 大三居 保养好 停车方便 软件园 16号 中海枫涟,1200万,142平方米,西北旺-西北旺镇区永丰路西百旺新城
 格兰山水一期+南北通透户型+低楼层+格兰可贷款的房子,360万,104平方米,延庆城区-北京市延庆县高塔路北三里河路东
 首付150万、华龙美树南向一居室 视野好 满五年,352万,56.13平方米,管庄-建国路15号院
 万科打造+精装修 + 三轨交汇+首付280万 +送50平花园,675万,128平方米,次渠-东五环京津高速东石村桥东南700米(京津高速
 上河湾 惊爆价 格局好 采光好 看房我有钥匙,205万,88.1平方米,白河西侧鼓楼-白云街北侧(滨河大桥向北1500米 
 丰台玉泉营首经贸丽泽商务区地理位置优越配套齐全南北通透带明卫,880万,131.35平方米,玉泉营-夏家胡同芳菲路88号院
送地下车位新上南北两居+书房格林莱雅板楼社区 华侨城东 ,880万,125平方米,垡头-金蝉里22号院
